answer_type,count,pct
short_phrase,36771,48.472824582449014
medium_phrase,31631,41.69709592797163
long_text,6114,8.059689687446445
boolean,1302,1.7163421611146996
numeric,24,0.0316376435228516
empty,17,0.02240999749535322
