question_type,count,pct
what,55447,73.09218418381471
how,7862,10.363964724027472
where,3960,5.220211181270515
other,3858,5.0857511962983954
when,3162,4.168259534135699
yes_no,1254,1.6530668740689962
who,157,0.2069629180453209
why,142,0.18718939084353867
which,17,0.02240999749535322
