split,records,unique_code_contexts,avg_difficulty,pct_boolean,pct_prompt_leakage,pct_extractive_code
test,15256,9747,5.371215157924975,1.7108023072889353,1.5600419507079182,7.30859989512323
train,60603,38987,5.3884950469662405,1.7177367457056583,1.7457881623021962,7.214164315297923
